馬季,賽事編號,名次,馬號,馬名,騎師,練馬師,實際負磅,排位檔位,獨贏賠率,距離,場地,horse_surface_win_rate,horse_dist_win_rate
26/27,20260913-01,,1,暴風一族,135,希威森,135,5,9.7,1400,草地,0.08,0.08
26/27,20260913-01,,2,悠然常勝,135,蔡明紹,135,9,10,1400,草地,0.08,0.08
26/27,20260913-01,,3,海鑽石,135,艾道拿,135,5,13,1400,草地,0.08,0.08
26/27,20260913-01,,4,競駿勇士,135,黃智弘 (-3),135,3,24,1400,草地,0.08,0.08
26/27,20260913-01,,5,全神貫注,134,袁幸堯 (-10),134,12,13,1400,草地,0.08,0.08
26/27,20260913-01,,6,萬事勝利,131,巴度,131,8,24,1400,草地,0.08,0.08
26/27,20260913-01,,7,增旺,131,奧爾民,131,13,10,1400,草地,0.08,0.08
26/27,20260913-01,,8,傳承效應,130,巫顯東 (-2),130,10,41,1400,草地,0.08,0.08
26/27,20260913-01,,9,文武全能,129,何澤堯,129,14,15,1400,草地,0.08,0.08
26/27,20260913-01,,10,籐王駒,128,霍宏聲,128,2,5,1400,草地,0.08,0.08
26/27,20260913-01,,11,巴閉佬,123,潘頓,123,6,7.9,1400,草地,0.08,0.08
26/27,20260913-01,,12,紅旺繽紛,122,周俊樂 (-2),122,5,18,1400,草地,0.08,0.08
26/27,20260913-01,,13,常常感恩,121,班德禮,121,11,24,1400,草地,0.08,0.08
26/27,20260913-01,,14,星之願,119,艾兆禮,119,4,8.1,1400,草地,0.08,0.08
26/27,20260913-02,,1,高度評價,135,梁家俊,135,2,39,1000,草地,0.08,0.08
26/27,20260913-02,,2,路路勁,132,田泰安,132,12,4.5,1000,草地,0.08,0.08
26/27,20260913-02,,3,輕功猛男,131,袁幸堯 (-10),123,5,25,1000,草地,0.08,0.08
26/27,20260913-02,,4,金珀尖子,128,金誠剛,128,8,40,1000,草地,0.08,0.08
26/27,20260913-02,,5,盈俊天下,128,周俊樂 (-2),128,11,4.8,1000,草地,0.08,0.08
26/27,20260913-02,,6,好力,127,楊明綸,127,9,65,1000,草地,0.08,0.08
26/27,20260913-02,,7,盈智多寶,127,霍宏聲,127,10,54,1000,草地,0.08,0.08
26/27,20260913-02,,8,紅海旺,126,潘頓,126,6,3.6,1000,草地,0.08,0.08
26/27,20260913-02,,9,舞林盛宴,125,何澤堯,125,4,6.8,1000,草地,0.08,0.08
26/27,20260913-02,,10,電子好好,124,黃寶妮 (-7),124,13,18,1000,草地,0.08,0.08
26/27,20260913-02,,11,雷神太保,124,艾道拿,124,1,11,1000,草地,0.08,0.08
26/27,20260913-02,,12,天寶威威,120,巫顯東 (-2),120,4,50,1000,草地,0.08,0.08
26/27,20260913-02,,13,杭至尊,119,班德禮,119,3,13,1000,草地,0.08,0.08
26/27,20260913-03,,1,鴻圖大展,134,金誠剛,134,4,25,1400,草地,0.08,0.08
26/27,20260913-03,,2,榮耀盛甲,133,霍宏聲,133,13,24,1400,草地,0.08,0.08
26/27,20260913-03,,3,東方寶寶,132,袁幸堯 (-10),132,14,8.9,1400,草地,0.08,0.08
26/27,20260913-03,,4,明亮光輝,132,潘頓,132,6,8.7,1400,草地,0.08,0.08
26/27,20260913-03,,5,朗日雪峰,132,黃智弘 (-3),132,9,27,1400,草地,0.08,0.08
26/27,20260913-03,,6,銀騰,131,楊明綸,131,11,6,1400,草地,0.08,0.08
26/27,20260913-03,,7,勝在當下,131,黃寶妮 (-7),131,5,23,1400,草地,0.08,0.08
26/27,20260913-03,,8,劍無情,129,艾兆禮,129,6,6.3,1400,草地,0.08,0.08
26/27,20260913-03,,9,多彩多姿,125,奧爾民,125,12,17,1400,草地,0.08,0.08
26/27,20260913-03,,10,發財金戈,125,周俊樂 (-2),125,2,13,1400,草地,0.08,0.08
26/27,20260913-03,,11,桃花多,123,希威森,123,5,21,1400,草地,0.08,0.08
26/27,20260913-03,,12,輕鬆大少,120,何澤堯,120,1,16,1400,草地,0.08,0.08
26/27,20260913-03,,13,快樂老撾,120,梁家俊,120,3,7.1,1400,草地,0.08,0.08
26/27,20260913-03,,14,海洋帝君,120,田泰安,120,10,7.9,1400,草地,0.08,0.08
26/27,20260913-04,,1,川河帥駒,135,黃智弘 (-3),135,14,21,1200,草地,0.08,0.08
26/27,20260913-04,,2,逍遙人生,135,希威森,135,4,9.7,1200,草地,0.08,0.08
26/27,20260913-04,,3,砂漿麒星,130,鍾易禮 (-2),130,5,10,1200,草地,0.08,0.08
26/27,20260913-04,,4,八玲瓏,129,艾兆禮,129,6,10,1200,草地,0.08,0.08
26/27,20260913-04,,5,鋼鐵安防,127,潘明輝,127,1,28,1200,草地,0.08,0.08
26/27,20260913-04,,6,小魔怪,127,梁家俊,127,13,19,1200,草地,0.08,0.08
26/27,20260913-04,,7,幸運大夫,127,霍宏聲,127,3,6,1200,草地,0.08,0.08
26/27,20260913-04,,8,錶之梵星,127,何澤堯,127,12,13,1200,草地,0.08,0.08
26/27,20260913-04,,9,綠茵明珠,126,周俊樂 (-2),126,8,18,1200,草地,0.08,0.08
26/27,20260913-04,,10,鸚姿威鵡,126,巫顯東 (-2),126,5,37,1200,草地,0.08,0.08
26/27,20260913-04,,11,你知我寶,124,奧爾民,124,4,8.1,1200,草地,0.08,0.08
26/27,20260913-04,,12,快樂高球,123,黃寶妮 (-7),123,2,4,1200,草地,0.08,0.08
26/27,20260913-04,,13,鋁主角,121,楊明綸,121,9,33,1200,草地,0.08,0.08
26/27,20260913-04,,14,安定神駒,118,蔡明紹,118,10,18,1200,草地,0.08,0.08
26/27,20260913-05,,1,十分愛,135,金誠剛,135,9,45,1200,草地,0.08,0.08
26/27,20260913-05,,2,肯佩斯,134,奧爾民,134,3,8.9,1200,草地,0.08,0.08
26/27,20260913-05,,3,渡月橋,134,周俊樂 (-2),134,5,12,1200,草地,0.08,0.08
26/27,20260913-05,,4,御登,134,鍾易禮 (-2),134,5,39,1200,草地,0.08,0.08
26/27,20260913-05,,5,鋁神,133,艾兆禮,133,13,23,1200,草地,0.08,0.08
26/27,20260913-05,,6,環球英雄,131,班德禮,131,11,35,1200,草地,0.08,0.08
26/27,20260913-05,,7,確好勁,128,梁家俊,128,14,7.3,1200,草地,0.08,0.08
26/27,20260913-05,,8,澄心知遇,128,田泰安,128,12,14,1200,草地,0.08,0.08
26/27,20260913-05,,9,龍文正道,128,何澤堯,128,2,5.8,1200,草地,0.08,0.08
26/27,20260913-05,,10,烈進駒,128,潘頓,128,2,3.9,1200,草地,0.08,0.08
26/27,20260913-05,,11,天天更好,125,巴度,125,10,7.3,1200,草地,0.08,0.08
26/27,20260913-05,,12,浩然,125,楊明綸,125,6,34,1200,草地,0.08,0.08
26/27,20260913-05,,13,領駿輝煌,122,黃寶妮 (-7),122,2,14,1200,草地,0.08,0.08
26/27,20260913-05,,14,觀萬物,117,蔡明紹,117,8,32,1200,草地,0.08,0.08
26/27,20260913-06,,1,捷威,135,何澤堯,135,4,3,1600,草地,0.08,0.08
26/27,20260913-06,,2,爆出美麗,128,艾道拿,128,13,18,1600,草地,0.08,0.08
26/27,20260913-06,,3,幸運威龍,127,潘明輝,127,14,10,1600,草地,0.08,0.08
26/27,20260913-06,,4,勤德天下,126,梁家俊,126,8,11,1600,草地,0.08,0.08
26/27,20260913-06,,5,好運年,124,班德禮,124,3,10,1600,草地,0.08,0.08
26/27,20260913-06,,6,新力飆,122,金誠剛,122,9,13,1600,草地,0.08,0.08
26/27,20260913-06,,7,特別美麗,122,巴度,122,12,19,1600,草地,0.08,0.08
26/27,20260913-06,,8,小飛俠,122,艾兆禮,122,2,15,1600,草地,0.08,0.08
26/27,20260913-06,,9,華麗再贏,122,潘頓,122,11,7,1600,草地,0.08,0.08
26/27,20260913-06,,10,愛心萬里,120,希威森,120,4,51,1600,草地,0.08,0.08
26/27,20260913-06,,11,?路福將,117,蔡明紹,117,1,16,1600,草地,0.08,0.08
26/27,20260913-06,,12,開心旺財,116,田泰安,116,6,21,1600,草地,0.08,0.08
26/27,20260913-06,,13,金駒永騰,116,黃智弘 (-3),116,2,18,1600,草地,0.08,0.08
26/27,20260913-06,,14,彭玥,116,黃寶妮 (-7),116,5,30,1600,草地,0.08,0.08
26/27,20260913-07,,1,準輝煌,135,袁幸堯 (-10),135,11,8,1400,草地,0.08,0.08
26/27,20260913-07,,2,睿智多寶,132,霍宏聲,132,4,16,1400,草地,0.08,0.08
26/27,20260913-07,,3,部族高手,131,周俊樂 (-2),131,1,8.8,1400,草地,0.08,0.08
26/27,20260913-07,,4,加州熱浪,131,艾道拿,131,12,8.5,1400,草地,0.08,0.08
26/27,20260913-07,,5,步風影,130,潘頓,130,13,4.5,1400,草地,0.08,0.08
26/27,20260913-07,,6,愛馬心,129,奧爾民,129,10,14,1400,草地,0.08,0.08
26/27,20260913-07,,7,量子猴王,129,鍾易禮 (-2),129,6,8.9,1400,草地,0.08,0.08
26/27,20260913-07,,8,龍城強將,127,金誠剛,127,7,10,1400,草地,0.08,0.08
26/27,20260913-07,,9,玄宇宙,126,何澤堯,126,2,38,1400,草地,0.08,0.08
26/27,20260913-07,,10,喜駿昇星,126,希威森,126,9,33,1400,草地,0.08,0.08
26/27,20260913-07,,11,巴閉仔,126,潘明輝,126,5,22,1400,草地,0.08,0.08
26/27,20260913-07,,12,活力精神,124,梁家俊,124,6,22,1400,草地,0.08,0.08
26/27,20260913-07,,13,天比高,122,田泰安,122,3,7.2,1400,草地,0.08,0.08
26/27,20260913-07,,14,種得好,119,楊明綸,119,4,48,1400,草地,0.08,0.08
26/27,20260913-08,,1,實力股,135,巴度,135,14,1.8,1000,草地,0.08,0.08
26/27,20260913-08,,2,會長之寶,134,袁幸堯 (-10),134,6,15,1000,草地,0.08,0.08
26/27,20260913-08,,3,皇龍飛將,133,蔡明紹,133,6,35,1000,草地,0.08,0.08
26/27,20260913-08,,4,團結勇士,133,梁家俊,133,13,14,1000,草地,0.08,0.08
26/27,20260913-08,,5,家樂龍駒,132,黃寶妮 (-7),132,2,35,1000,草地,0.08,0.08
26/27,20260913-08,,6,精彩福星,127,希威森,127,9,19,1000,草地,0.08,0.08
26/27,20260913-08,,7,超力量,126,艾道拿,126,3,48,1000,草地,0.08,0.08
26/27,20260913-08,,8,米奇,125,艾兆禮,125,5,8.2,1000,草地,0.08,0.08
26/27,20260913-08,,9,大愛無疆,124,奧爾民,124,12,26,1000,草地,0.08,0.08
26/27,20260913-08,,10,星運傳奇,123,黃智弘 (-3),127,5,17,1000,草地,0.08,0.08
26/27,20260913-08,,11,從化之星,122,霍宏聲,122,4,29,1000,草地,0.08,0.08
26/27,20260913-08,,12,無敵好瑪,122,何澤堯,122,1,25,1000,草地,0.08,0.08
26/27,20260913-08,,13,幸運糖,121,田泰安,121,4,9.5,1000,草地,0.08,0.08
26/27,20260913-08,,14,長勝金剛,118,金誠剛,118,5,53,1000,草地,0.08,0.08
26/27,20260913-09,,1,超寫意,135,周俊樂 (-2),135,6,13,1200,草地,0.08,0.08
26/27,20260913-09,,2,錶之極光,134,奧爾民,134,12,39,1200,草地,0.08,0.08
26/27,20260913-09,,3,三軍勇將,132,梁家俊,132,10,52,1200,草地,0.08,0.08
26/27,20260913-09,,4,一世美麗,129,艾兆禮,129,6,30,1200,草地,0.08,0.08
26/27,20260913-09,,5,鑽石星空,128,袁幸堯 (-10),128,6,1.4,1200,草地,0.08,0.08
26/27,20260913-09,,6,星月飛雲,127,希威森,127,8,31,1200,草地,0.08,0.08
26/27,20260913-09,,7,一馬當先,127,艾道拿,127,5,64,1200,草地,0.08,0.08
26/27,20260913-09,,8,傑出雷霆,127,何澤堯,127,4,11,1200,草地,0.08,0.08
26/27,20260913-09,,9,耀寶,125,巴度,125,6,21,1200,草地,0.08,0.08
26/27,20260913-09,,10,膨才,124,班德禮,124,11,56,1200,草地,0.08,0.08
26/27,20260913-09,,11,咕嚕快跑,121,田泰安,121,6,31,1200,草地,0.08,0.08
26/27,20260913-09,,12,爆發,121,潘頓,121,14,13,1200,草地,0.08,0.08
26/27,20260913-09,,13,正極,120,黃智弘 (-3),120,3,42,1200,草地,0.08,0.08
26/27,20260913-09,,14,龍文瑞安,117,楊明綸,117,13,110,1200,草地,0.08,0.08
26/27,20260913-10,,1,金牌活力,135,田泰安,135,3,17,1400,草地,0.08,0.08
26/27,20260913-10,,2,友瑩亮,129,艾兆禮,129,6,17,1400,草地,0.08,0.08
26/27,20260913-10,,3,馭跑得,128,蔡明紹,128,8,23,1400,草地,0.08,0.08
26/27,20260913-10,,4,細水長流,127,艾道拿,127,5,8.6,1400,草地,0.08,0.08
26/27,20260913-10,,5,潮州精神,126,巴度,126,12,12,1400,草地,0.08,0.08
26/27,20260913-10,,6,自動自覺,126,袁幸堯 (-10),126,5,15,1400,草地,0.08,0.08
26/27,20260913-10,,7,百勝威龍,123,黃寶妮 (-7),123,14,16,1400,草地,0.08,0.08
26/27,20260913-10,,8,仁仁有餘,123,霍宏聲,123,11,24,1400,草地,0.08,0.08
26/27,20260913-10,,9,金錢遊戲,123,奧爾民,123,13,14,1400,草地,0.08,0.08
26/27,20260913-10,,10,金勝名駒,123,周俊樂 (-2),123,6,10,1400,草地,0.08,0.08
26/27,20260913-10,,11,大回報,122,希威森,122,9,25,1400,草地,0.08,0.08
26/27,20260913-10,,12,嵐臣,121,潘頓,121,1,2.5,1400,草地,0.08,0.08
26/27,20260913-10,,13,金?千帥,121,潘明輝,121,6,29,1400,草地,0.08,0.08
26/27,20260913-10,,14,逍遙騎士,120,梁家俊,120,2,17,1400,草地,0.08,0.08
